title,year,wiki_id
Blue Giant,,
Perfect Days,,73588582.0
Stray Dog,1949,867905.0
Big Trouble in Little China,1986,697113.0
Ghost Dog: The Way of the Samurai,1999,471352.0
Young Frankenstein,1974,442647.0
Poetry,2010,26964199.0
Kind Hearts and Coronets,1949,350908.0
Jour de Fête,1949,30863517.0
Thomasine & Bushrod,1974,4340576.0
Stop Making Sense,1984,1471831.0
Black Rain,1989,3529964.0
Ring,1998,180785.0
On the Town,1949,12816415.0
The Taking of Pelham One Two Three,1974,955409.0
Audition,1999,587265.0
In a Lonely Place,1950,812818.0
"Sorry, Wrong Number",1948,183828.0
Spider-Man: Far From Home,2019,52179698.0
Female Trouble,1974,1328186.0
All About My Mother,1999,61664.0
Heathers,1989,13901.0
Beau Travail,2000,415881.0
Late Spring,1949,846329.0
Whisper of the Heart,1995,25382451.0
A Woman Under the Influence,1974,76643.0
The Wind Rises,2013,37731694.0
But I'm a Cheerleader,2000,770156.0
Train to Busan,2016,50461635.0
Freaky Friday,2003,2236324.0
Martial Law,1990,18791040.0
Return to Reason: Four Films by Man Ray,2024,
Snowpiercer,2013,35816879.0
Black Tight Killers,1966,26249449.0
Darkman,1990,1839695.0
Nam June Paik: Moon Is the Oldest TV,2023,77814023.0
Minari,2021,61276724.0
12 Angry Men,1957,92605.0
Opponent,2023,74552614.0
Spider-Man: No Way Home,2021,52239333.0
Get Out,2017,48526729.0
Candyman,1992,1256990.0
Poison,1991,7444907.0
Rosemary's Baby,1968,9830229.0
Wayne's World,1992,77744.0
Purple Rain,1984,226331.0
Past Lives,2023,72724981.0
Prince: Sign O' the Times,1987,
Nostalgia,1983,
School Daze,1988,2851281.0
Teenage Mutant Ninja Turtles,1990,2323962.0
Road to Boston,2023,70494290.0
Dick Tracy,1990,725984.0
My Own Private Idaho,1991,605198.0
"Kim Ji-young, Born 1982",2019,64033010.0
Rear Window,1954,74577.0
Funny Games,1997,3870912.0
Us,2019,57371131.0
Young Soul Rebels,1991,9536996.0
The Shining,1980,1186616.0
Spa Night,2016,49210494.0
The Apple,1980,5461234.0
Selena,1997,275547.0
Street of Chance,1942,3577967.0
Never Open That Door,1952,9911779.0
Parasite,2019,56746570.0
V for Vendetta,2006,1891886.0
Watchmen,2009,5016250.0
Hardly a Criminal,1949,8959508.0
Anselm,2023,73588916.0
Zero Focus,1961,13748529.0
Across the Bridge,1957,24817139.0
Black Tuesday,1954,2321684.0
Union Station,1950,4150566.0
Cairo Station,1958,25626519.0
Smog,1962,81148333.0
City of Fear,1959,35107447.0
Elevator to the Gallows,1958,3837141.0
Field of Dreams,1989,129524.0
Buck and the Preacher,1972,18764211.0
Nope,2022,66260186.0
Edward II,1991,1306645.0
Neon Genesis Evangelion: The End of Evangelion,1997,1714278.0
Signs,2002,72453.0
2001: A Space Odyssey,1968,23941708.0
Fallen Leaves,2023,73726755.0
Cool World,1992,600194.0
Ravenous,1999,874208.0
Drive-Away Dolls,2024,70448628.0
Mystery Men,1999,295757.0
Inside the Yellow Cocoon Shell,2023,73900394.0
Ben-Hur,1959,1343342.0
Grand Prix,1966,970846.0
Scanners,1981,378213.0
Love Lies Bleeding,2024,70547951.0
Raintree County,1957,18549292.0
In the Line of Fire,1993,676054.0
8 Days in August,2024,
Perfect Days,2023,73588582.0
From Here to Eternity,1953,42293.0
Late Night with the Devil,2024,74072280.0
Invasion of the Body Snatchers,1956,74394.0
Immaculate,2024,73069391.0
How to Have Sex,2023,73659676.0
Sometimes I Think About Dying,2024,72800340.0
Nowhere,1997,1223386.0
Cléo from 5 to 7,1962,3644380.0
Tótem,2023,73002607.0
Charlie's Angels,2000,342692.0
The Beast,2024,71610564.0
La Chimera,2023,70104574.0
300,2007,2465797.0
Sin City,2005,1336308.0
Re-Animator,1985,1129009.0
The Brain That Wouldn't Die,1962,1771762.0
Go Fish,1994,6721185.0
Dracula vs. Frankenstein,1971,9267531.0
Mask,1985,442333.0
Speed,1994,99123.0
Pearl,2022,70324820.0
Godzilla,1954,12004.0
X,2022,66437544.0
Jaws,1975,74830.0
Blow Out,1981,1317987.0
Serial Mom,1994,294520.0
Fright Night,1985,1123132.0
The Honeymoon Killers,1970,3048488.0
Some Like It Hot,1959,76366.0
Mothra vs. Godzilla,1964,570269.0
The Rock,1996,29785.0
Rock 'n' Roll High School,1979,992419.0
Strait-Jacket,1964,3954948.0
Friday the 13th,1980,168958.0
City of God,2002,461322.0
Destroy All Monsters,1968,11994.0
Desperately Seeking Susan,1985,2019025.0
Cruel Intentions,1999,93559.0
All About Evil,2010,27649189.0
Office Killer,1997,1146934.0
Robot Dreams,2023,74621258.0
Godzilla vs. Hedorah,1971,570231.0
Dirty Dancing,1987,680361.0
Bride of Chucky,1998,30865068.0
Jennifer's Body,2009,15713038.0
Black Narcissus,1947,46757.0
They Live,1988,342556.0
The Killer Shrews,1959,6551671.0
Bride of the Gorilla,1951,6708534.0
The Red Shoes,1948,60169.0
Total Recall,1990,55325.0
Funny Girl,1968,12064241.0
Terror of Mechagodzilla,1975,12001.0
Oliver!,1968,4836572.0
The Beguiled,2017,51081025.0
Godzilla 2000: Millennium,1999,1630493.0
Wake in Fright,1971,10454813.0
Sorcerer,1977,447139.0
E.T. the Extra-Terrestrial,1982,73441.0
Army of Darkness,1992,3217.0
I Heard It Through the Grapevine,1982,80145027.0
If Beale Street Could Talk,2018,54515886.0
World of Tomorrow,2015,
Menus-Plaisirs - Les Troisgros,2023,76603481.0
I Am Not Your Negro,2017,51708233.0
Reign of Fire,2002,164698.0
Klute,1971,223902.0
"Jeanne Dielman, 23, quai du Commerce, 1080 Bruxelles",1976,13889076.0
Tommy,1975,1221714.0
Being John Malkovich,1999,349941.0
Let the Good Times Roll,1973,33265976.0
Election,1999,689969.0
Wattstax,1973,1415007.0
The Bling Ring,2013,36495174.0
Somewhere,2010,23734853.0
Scooby-Doo,2002,1072075.0
Toni Erdmann,2016,50174610.0
Dog Day Afternoon,1975,101914.0
In the Heat of the Night,1967,1715414.0
Wet Hot American Summer,2001,426761.0
Saboteur,1942,1576720.0
Rebecca,1940,1259785.0
Dragonslayer,1981,887388.0
Vertigo,1958,76617.0
North by Northwest,1959,73412.0
Knowing,2009,17544255.0
The Church,1989,11680456.0
Our Hospitality,1923,2685258.0
Sherlock Jr.,1924,76346.0
To Catch a Thief,1955,239009.0
La Bamba,1987,307080.0
The Buddy Holly Story,1978,164359.0
The Big Lebowski,1998,29782.0
No Way Out,1987,886560.0
The Insider,1999,142469.0
Good One,2024,76824251.0
American Pop,1981,2040976.0
Heavy Metal,1981,155303.0
Go,1999,585172.0
"sex, lies, and videotape",1989,384990.0
I'm Your Man,2021,66717120.0
Marie Antoinette,2006,2701261.0
Bird,1988,2378500.0
Moonrise Kingdom,2012,31462588.0
Do the Right Thing,1989,73428.0
Falling Down,1993,19625929.0
Knightriders,1981,2846126.0
Caligula: The Ultimate Cut,2023,
Pretty Woman,1990,156745.0
Monty Python and the Holy Grail,1975,19701.0
Basic Instinct,1992,481649.0
Sliver,1993,11059900.0
Wings,1927,61046.0
Thelma & Louise,1991,106117.0
The Crush,1993,805037.0
"The 5,000 Fingers of Dr. T.",1953,1314961.0
Annie,1982,12823099.0
Poison Ivy,1992,555857.0
Jade,1995,4032134.0
The Last Seduction,1994,664496.0
Run Lola Run,1998,462764.0
Showgirls,1995,93760.0
You Don't Nomi,2019,64244981.0
Lost in Translation,2003,369682.0
Apollo 13,1995,142417.0
The Texas Chain Saw Massacre,1974,29781.0
Mamma Mia!,2008,8425661.0
Phantom Thread,2017,50733205.0
Shoeshine,1946,6616873.0
Bad Lieutenant,1992,1238102.0
Highlander,1986,4440277.0
The Texas Chainsaw Massacre 2,1986,397753.0
Dangerous Game,1993,8777894.0
Legend,1985,922084.0
Thieves Like Us,1974,4539015.0
The Phantom Creeps,1939,6365441.0
The Devil Bat,1940,3906544.0
Last Embrace,1979,6715066.0
Inside Man,2006,3592692.0
Bound,1996,249838.0
Across the Universe,2007,4399897.0
Boxing Helena,1993,77460.0
Pee-wee's Big Adventure,1985,432236.0
Bringing Out the Dead,1999,348356.0
Walk Hard: The Dewey Cox Story,2007,9264215.0
Crash,1996,2077360.0
Lost Highway,1997,204839.0
The Virgin Suicides,2000,3610087.0
All Quiet on the Western Front,2022,68924608.0
Magnolia,1999,231829.0
Pirates of the Caribbean: The Curse of the Black Pearl,2003,321496.0
The Talented Mr. Ripley,1999,536009.0
Purple Noon,1960,1279798.0
Wild Things,1998,423372.0
Time Masters,1982,
A Knight's Tale,2001,65669.0
Eyes Wide Shut,1999,9979.0
Nashville,1975,75259.0
The Terminator,1984,30327.0
Twilight of the Ice Nymphs,1997,4494129.0
The Dark Knight,2008,4276475.0
Brewster McCloud,1970,1436649.0
Roxanne,1987,574768.0
Popeye,1980,1339188.0
Napoleon Dynamite,2004,882119.0
Hundreds of Beavers,2024,76208655.0
The Portrait of a Lady,1996,887135.0
Hairspray,1988,1613987.0
The Master,2012,31960682.0
The Last Movie,1971,6228904.0
The Trip,1967,696925.0
The Shooting,1966,2294746.0
3 Women,1977,2798805.0
Mac and Me,1988,2525385.0
Midnight Cowboy,1969,42147.0
Le Deuxième Souffle,1966,18487088.0
A Man Escaped,1956,2819346.0
Airport,1970,99459.0
King Kong,1933,16782.0
Withnail & I,1987,343404.0
Empire of the Sun,1987,146077.0
The Loveless,1984,
Ms .45,1981,2255173.0
The Warriors,1979,1173571.0
The Rose King,1986,
A Clockwork Orange,1971,1659954.0
The Old Oak,2023,73635750.0
Troll 2,1990,2786477.0
Eraserhead,1978,36814246.0
To Have and Have Not,1945,1971307.0
Fresh Kill,1996,64275988.0
Friday the 13th: The Final Chapter,1984,2546429.0
Touchez Pas au Grisbi,1954,3654148.0
Jason X,2001,2269465.0
Glen or Glenda,1953,13154.0
Bob le Flambeur,1956,2482275.0
The Outlaw Josey Wales,1976,75270.0
Miami Connection,1987,37471880.0
Le Doulos,1962,5092969.0
Once Upon a Time... in Hollywood,2019,56717294.0
Un Flic,1972,3819103.0
Dark Passage,1947,1668866.0
The Big Sleep,1946,1645598.0
Key Largo,1948,1397142.0
Le Cercle Rouge,1970,2498993.0
Dogville,2003,397310.0
Hackers,1995,40852758.0
Alice in Wonderland,1951,769066.0
Written on the Wind,1956,1365472.0
Lawrence of Arabia,1962,43452.0
How to Marry a Millionaire,1953,911882.0
The Straight Story,1999,31351.0
Wheel of Fortune and Fantasy,2021,66730589.0
Harper,1966,6646087.0
The 39 Steps,1935,3724436.0
Murder on the Orient Express,1974,5028092.0
The Lady Vanishes,1938,9404578.0
The Searchers,1956,76335.0
Donnie Darko,2001,57820.0
Grease,1978,336846.0
The Silence of the Sea,1949,4074374.0
Spartacus,1960,166813.0
Naked Acts,1996,81404211.0
Moving,1993,24086703.0
Wigstock: The Movie,1995,7813200.0
Drive My Car,2021,67841180.0
Inception,2010,23270459.0
The Room,2003,5443971.0
The Sound of Music,1965,4836239.0
Army of Shadows,1969,3723140.0
Beyond the Blue Border,2024,
"Léon Morin, Priest",1961,22076195.0
La Dolce Vita,1960,557036.0
Gift,2023,74574510.0
Strangers on a Train,1951,261107.0
Bill & Ted's Bogus Journey,1991,254269.0
The Seventh Seal,1957,176545.0
8½,1963,318810.0
Join or Die,2024,74669461.0
Dial M for Murder,1954,77223.0
I'm Not The River Jhelum,2021,
Girls State,2024,75843024.0
Boys State,2020,64175204.0
Spotlight Newton Filmmakers,2024,
Easy A,2010,23438736.0
"Rebel: Loreta Velazquez, Secret Soldier of the American Civil War",2013,
Out of Sight,2015,
Pandora's Box,1929,457578.0
Le Samouraï,1967,2046252.0
The Sicilian Clan,1969,19158255.0
Samurai Cop,1991,45336113.0
Bonnie Blue: James Cotton's Life in the Blues,2022,
The Gate of Heavenly Peace,1995,8748773.0
Birdemic: Shock and Terror,2010,25581548.0
La Roue,1923,17155163.0
Breathless,1960,339526.0
Two Men in Manhattan,1959,20789377.0
Twilight,2008,14277334.0
They Came from Beyond Space,1967,25232018.0
RPM Fest Presents: Karel Doing,1998,
Zontar: The Thing from Venus,1967,11706092.0
"Harry Smith Films Nos. 1 – 5, 7 & 10, 11 & 16",1946,
La Cocina,2024,75892706.0
Dazed and Confused,1993,503573.0
Double Feature: A Father's Kaddish/Why We Dance,2024,
Double Feature - Wild Innovators/A Reckoning in Boston,2024,
The Big Risk,1960,13345131.0
Training Day,2001,171623.0
The Circus,1928,142780.0
Tangerine,2015,45254449.0
Take Out,2004,21064505.0
Macabre,1958,14170318.0
Shadow of a Doubt,1943,76339.0
The Florida Project,2017,53834253.0
Psycho,1960,23880.0
Red Rocket,2021,66691354.0
Carmen Comes Home,1951,15672543.0
Wait Until Dark,1967,19755481.0
The Man Who Knew Too Much,1956,2345044.0
The Craft,1996,86533.0
Rififi,1955,1981903.0
Shaun of the Dead,2004,598397.0
The Pit and the Pendulum,1961,5422414.0
Billy in the Lowlands,1979,
The Tender Age,1986,
The Dark End of the Street,1981,74074834.0
One Step Away,1968,
The Omen,1976,186856.0
The Boy and the Heron,2023,56741338.0
The Blue Diner,2001,23016541.0
Les Enfants Terribles,1950,13118358.0
Lemon Sky,1988,
Big Time,1989,
Pulp Fiction,1994,54173.0
Where Spring Comes Late,1970,30357155.0
The Babadook,2014,41716245.0
T Blockers,2023,77692023.0
The Silence of the Lambs,1991,30006.0
House on Haunted Hill,1959,628843.0
I Saw the TV Glow,2024,71614849.0
Sleepaway Camp,1983,715207.0
The Mummy,1932,253833.0
Bride of the Monster,1955,5035.0
Matinee,1993,6215998.0
Ed Wood,1994,528464.0
The Birds,1963,304428.0
Phantom of the Opera,1943,1271371.0
Don't Let the Riverbeast Get You!,2012,78900252.0
The Raven,1963,518687.0
A Bucket of Blood,1959,4333681.0
Magnet of Doom,1963,30635965.0
The Little Shop of Horrors,1960,325206.0
The Birthday,2004,72849471.0
Little Kid Flicks,2024,
X: The Man with the X-Ray Eyes,1963,896823.0
House of Usher,1960,5421694.0
Nosferatu,1922,82423.0
Cockfighter,1974,4173939.0
Phantasm,1979,1802400.0
Gas! -Or- It Became Necessary to Destroy the World in Order to Save It.,1970,5388826.0
The Wild Angels,1966,1925631.0
Le Trou,1960,3644789.0
Boxcar Bertha,1972,1873017.0
Dementia 13,1963,3815899.0
Interview with the Vampire,1994,3239688.0
Targets,1968,427989.0
13 Ghosts,1960,1135297.0
Marnie,1964,264851.0
Hangdog,2023,
Polyester,1981,1271694.0
Ride in the Whirlwind,1966,2289802.0
Frankenstein Meets the Wolf Man,1943,3302848.0
I Married a Witch,1942,2100379.0
Frenzy,1972,508044.0
It Follows,2015,44202021.0
The Wolf Man,1941,927058.0
Tales of Terror,1962,3135608.0
Belarmino,1964,7988853.0
Caged Heat,1974,2631972.0
The Student Nurses,1970,34934880.0
Change of Life,1967,
Chopping Mall,1986,3834588.0
Lucifer Rising,1974,9390971.0
Piranha,1978,3153784.0
El Topo,1970,1844221.0
The Exorcist,1973,725459.0
Amarcord,1973,239086.0
Poundcake,2023,
The Last Man on Earth,1964,3947408.0
Suburbia,1984,670267.0
Vilarinho das Furnas,1971,
Holding Back the Tide,2024,
Autumn Sonata,1978,225554.0
Trails,1978,
Invisible Nation,2024,76800244.0
The Tingler,1959,2293612.0
Falamos de Rio de Onor,1974,
Battle Beyond the Stars,1980,1152328.0
Galaxy of Terror,1981,14864488.0
Stripped to Kill,1987,12494928.0
The Slumber Party Massacre,1982,4343453.0
Slumber Party Massacre II,1987,6647928.0
Frankenstein,1931,73488.0
Eyes Without a Face,1960,2491582.0
Death Race 2000,1975,1017650.0
Bride of Frankenstein,1935,73375.0
The Tomb of Ligeia,1964,1776723.0
Frankenhooker,1990,2259073.0
Brandos Costumes,1975,24386035.0
Trás-os-Montes,1976,36319171.0
Monster House,2006,2692284.0
Trick or Treat,1986,7212423.0
Max and the Junkmen,1971,31295173.0
23rd Halloween Horror Marathon,2024,
The Vows,1973,22464784.0
Elbow,2024,76004792.0
The Bat,1926,2258827.0
Basket Case,1982,2283532.0
The Gate,1987,1010796.0
Kwaidan,1965,1268511.0
Night of the Comet,1984,2381862.0
Harry Smith - Film No. 12 / Film No. 16,1957,
Evil Dead II,1987,10487.0
A Nightmare on Elm Street,1984,3028191.0
Night of the Creeps,1986,2534857.0
Beetlejuice,1988,293524.0
Practical Magic,1998,89445.0
The Manchurian Candidate,1962,58147.0
Little Shop of Horrors,1986,3447166.0
The Crow,1994,406339.0
Halloween,1978,20179415.0
Scream Halloween House Party,2024,
Scream,2022,31716869.0
Scream,1996,113549.0
The Rocky Horror Picture Show,1975,25491.0
Out of the Past,1947,75266.0
Eephus,2025,445172.0
O Mal-Amado,1974,
What Shall I Do With This Sword?,1975,
The Elephant Man,1980,106344.0
Koyaanisqatsi,1983,18932654.0
Zabriskie Point,1970,2194799.0
Histórias Selvagens,1978,
The Muppet Movie,1979,876728.0
Harry Smith - Film No. 18 (Mahagonny),1970,
Blade Runner,1982,3746.0
Head,1968,693163.0
The Breakfast Club,1985,29943.0
Boston Punk Unbound/Rewound,1976,
Dune,1984,71415.0
The Killing,1956,282964.0
Futility in Frames: The Hypnoses of Vlatko Gilic,1968,
The Way Steel Was Tempered,1988,10651171.0
My Name Is Julia Ross,1945,3624149.0
Experiment in Terror,1962,5501567.0
Blue Velvet,1986,3947.0
Siberian Lady Macbeth,1962,839067.0
Human Desire,1954,2346581.0
Neo Homo Promo,1994,
Niagara,1953,1633705.0
The Big Heat,1953,1564113.0
Over-Exposed,1956,5993535.0
The Night Watchman,2011,
The Sniper,1952,2721095.0
When Harry Met Sally...,1989,33270.0
The Killers,1946,1774116.0
Underworld U.S.A.,1961,13273342.0
The Crimson Kimono,1959,19164879.0
Pink Flamingos,1972,320527.0
It's Always Fair Weather,1955,7693761.0
Wild at Heart,1990,246963.0
The Man Who Wasn't There,2001,241052.0
Twin Peaks: Fire Walk with Me,1992,245515.0
Dallas Doll,1994,24716019.0
Willy/Milly,1986,40961566.0
Leave Her to Heaven,1945,181353.0
Afro Promo,1997,
The Joy of Life,2005,2615732.0
Monster from Green Hell,1957,9139466.0
The Wasp Woman,1959,6694508.0
Amadeus,1984,1065214.0
The Royal Road,2015,45296064.0
Kokomo City,2023,73448047.0
Daisies,1966,10163440.0
Murdering the Devil,1970,
A Report on the Party and the Guests,1966,22279167.0
Valerie and Her Week of Wonders,1970,1868133.0
Paris Is Burning,1991,2406074.0
Shrek 2,2004,525314.0
Cecil B. Demented,2000,1039414.0
The Fall,2008,27941350.0
The Brothers Bloom,2008,10328139.0
"Paris, Texas",1984,237134.0
Mulholland Drive,2001,20786.0
Wings of a Serf,1926,
Casablanca,1943,57585.0
The Lady from Shanghai,1947,1919203.0
The Grandmaster,2013,32963963.0
Times Square,1980,2154540.0
Inglourious Basterds,2009,633052.0
"Lust, Caution",2007,5631382.0
Winners,2024,76033808.0
Sans Soleil,1983,5263869.0
Hook,1991,443972.0
The Thief of Bagdad,1924,76385.0
Seven Samurai,1954,31371.0
Nightmare Alley,1947,2006189.0
Desperate Living,1977,1328188.0
Matilda,1996,675935.0
Inland Empire,2006,2028217.0
A Dirty Shame,2004,1330877.0
Four Weddings and a Funeral,1994,11223.0
The Soldier,1966,
Dracula,1931,1046559.0
The Witch,2016,45379583.0
Where to After the Rain?,1967,
The Lighthouse,2019,57076513.0
Gremlins,1984,382387.0
Pecker,1998,1799076.0
The Northman,2022,62079568.0
Blade,1998,471544.0
Top Hat,1935,61501.0
How the Grinch Stole Christmas,2000,4867859.0
"Salad Days: A Decade of Punk in Washington, DC (1980-90)",2015,
Big Time,1988,24105483.0
The Sugarland Express,1974,1646113.0
Gattaca,1997,42886.0
Bram Stoker's Dracula,1992,337740.0
Carol for Another Christmas,1964,1466190.0
Black Christmas,1974,1584998.0
Queen of the Damned,2002,9088886.0
Song of the Little Road,1955,669691.0
It's a Wonderful Life,1946,60164.0
The World of Apu,1959,1471772.0
Die Hard,1988,97646.0
Aparajito,1956,1267738.0
Woodland,2023,
The Shop Around the Corner,1940,76353.0
Close Encounters of the Third Kind,1977,146236.0
Only Lovers Left Alive,2013,34888850.0
Edward Scissorhands,1990,302970.0
RRR,2022,59329596.0
Love Actually,2003,370064.0
Singin' in the Rain,1952,1883157.0
Pacific Rim,2013,32112949.0
Speed Racer,2008,8737659.0
Underworld,2003,452767.0
The Muppet Christmas Carol,1992,1131832.0
Mad Max: Fury Road,2015,36426373.0
Furiosa: A Mad Max Saga,2024,65573514.0
Die Hard 2,1990,433824.0
Meet Me in St. Louis,1944,74942.0
Little Women,1994,781758.0
A League of Their Own,1992,543433.0
Anaconda,1997,703970.0
Groundhog Day,1993,142327.0
Tap,1989,8771437.0
Single White Female,1992,2632500.0
The Cable Guy,1996,885776.0
Dracula 2000,2000,1219214.0
Bottle Rocket,1996,524139.0
El Mariachi,1993,326446.0
New Year's Evil,1980,15589712.0
The Age of Innocence,1993,5836236.0
Boyz n the Hood,1991,155997.0
Double Team,1997,2862407.0
Bad Boys,1995,673613.0
Strange Days,1995,1339563.0
The Thin Man,1934,61175.0
Duck Soup,1933,73440.0
Return of the Jedi,1983,50744.0
Room Service,1938,1276889.0
A Night at the Opera,1935,75263.0
Animal Crackers,1930,45224.0
The Umbrellas of Cherbourg,1964,145445.0
Escape from New York,1981,9835.0
Trouble Every Day,2001,2171678.0
Cruising,1980,2075256.0
The Sacrifice,1986,593964.0
Fantastic Planet,1973,2322506.0
A Fish Called Wanda,1988,308898.0
Starship Troopers,1997,203841.0
Moonage Daydream,2022,71440614.0
Caligula,1979,243204.0
The Thing,1982,30809.0
"Aguirre, the Wrath of God",1972,158052.0
Titane,2021,66488453.0
Reality Bites,1994,350847.0
Fargo,1996,142430.0
The Bird with the Crystal Plumage,1970,3657826.0
Turning Tables,2025,
Pariah,2011,33025020.0
Godzilla Minus One,2023,72171031.0
Iceman,1984,2622639.0
Last Year at Marienbad,1961,157173.0
His Three Daughters,2024,74785116.0
Climax,2018,57171624.0
Nothing Underneath,1985,42351579.0
The People's Joker,2024,71776978.0
India Song,1975,33347419.0
Emilia Pérez,2024,75607941.0
La Musica,1967,43582138.0
Beasts of the Southern Wild,2012,35581515.0
The Discreet Charm of the Bourgeoisie,1972,346569.0
Rumours,2024,75785008.0
Megalopolis,2024,68613611.0
Star Trek: First Contact,1996,27097.0
Toopy and Binoo The Movie,2023,
Rustin,2023,66716299.0
Fancy Dance,2024,72842326.0
Sugarcane,2024,75835628.0
Dahomey,2024,75935839.0
Omen,2023,75083336.0
The Fifth Element,1997,143809.0
Twilight of the Warriors: Walled In,2024,69461714.0
Monkey Man,2024,66481319.0
Challengers,2024,70047803.0
Pale Rider,1985,250012.0
"Muriel, or the Time of Return",1963,
Anora,2024,75146745.0
Maso and Miso Go Boating,1976,
Revenge,2018,54729829.0
Opera,1987,5707225.0
"Baxter, Vera Baxter",1977,42074586.0
The Stranger and the Fog,2024,
Flow,2024,76884533.0
March of the Penguins,2005,2305746.0
Be Pretty and Shut Up!,1981,
A Different Man,2024,71828618.0
The Substance,2024,70519613.0
Denis Villeneuve's Dune,2021,
RPM Fest Presents 10 Films by Saul Levine,1978,
Happy Feet,2006,1499348.0
Do Not Expect Too Much from the End of the World,2023,74526125.0
Journey to Italy,1954,11784534.0
The Two Faces of a Bamileke Woman,2018,
Problemista,2024,72819864.0
Evil Does Not Exist,2023,74574510.0
Humanist Vampire Seeking Consenting Suicidal Person,2023,74464581.0
Stargate,1994,28327.0
Longlegs,2024,72753280.0
Soundtrack to a Coup d'État,2024,76177041.0
The Wages of Fear,1953,447074.0
Daughters of Darkness,1971,14259399.0
Irreversible,2002,299490.0
Prism,2021,
Chez Jolie Coiffure,2019,83845501.0
Hard Target,1993,1631497.0
The Optical Tricks of a Cinemagician,1896,
Only in Dreams: The Evils that Lurk,1896,
Dead End,1977,38216944.0
The Flying Ace,1926,9798566.0
Carmen Jones,1954,10554740.0
Jumanji: Welcome to the Jungle,2017,48359197.0
Lone Star,1996,1108697.0
Barry Lyndon,1975,4227.0
The Teachers' Lounge,2023,74189366.0
Sanggyedong Olympic / Graeae: A Stationed Idea,1988,
Armand,2024,76881722.0
His Girl Friday,1940,74018.0
Different from the Others,1919,1887155.0
The Ice Storm,1997,7770667.0
The Facts of Murder,1959,12780416.0
Memories of Murder,2003,2746792.0
Super Fly,1972,195776.0
Blood and Black Lace,1964,2010907.0
Cure,1997,2359777.0
Repulsion,1965,1001142.0
Santa Teresa & Other Stories,2015,
Outrage,1950,3688065.0
You Look Like a Carriage That Not Even the Oxen Can Stop,2013,
Rapid Fire,1992,551753.0
No Other Land,2024,76180709.0
Black Belt Jones,1974,1853942.0
Mambar Pierrette,2024,
Insomnia,2002,4760936.0
The Vanishing,1988,350584.0
A Fistful of Dollars,1964,441926.0
From Hilde with Love,2024,75928693.0
"Voyages through Earth, Sea and Space",1896,
Delphine’s Prayers,2021,
Unforgiven,1992,133574.0
The Garden That Tilts,1975,23181860.0
The Double,2014,35976870.0
Enemy,2014,38850565.0
Mädchen in Uniform,1931,1245942.0
The Killing of a Sacred Deer,2017,51436403.0
Girl Talk,2022,
Under the Skin,2014,39502001.0
High Life,2018,54459964.0
An Affair to Remember,1957,884742.0
Pepe,2025,78089000.0
The Princess Bride,1987,31153.0
Notting Hill,1999,204019.0
Barb & Star Go to Vista Del Mar,2021,
Cocote,2017,58474254.0
Good Will Hunting,1997,142456.0
Singles,1992,577663.0
Romeo Must Die,2000,1047463.0
Enter the Dragon,1973,10193.0
The Bugs Bunny Film Festival,1950,
The Departed,2006,1349086.0
Legally Blonde,2001,444267.0
Glory,1989,509676.0
Donkey Skin,1970,3071676.0
Boston Sci-Fi Film Festival Marathon,2025,
Little Women,2019,57793159.0
Labor News No. 1 / melting icecream,1989,
The Wizard of Oz,1939,561315.0
Muppet Treasure Island,1996,1458752.0
Point Break,1991,483274.0
Victor and Victoria,1933,3478065.0
Holiday,1938,4070671.0
Fantastic Mr. Fox,2009,3112909.0
The Incredibles,2004,565879.0
Judas and the Black Messiah,2021,62113200.0
The Return,2024,73050420.0
The Parent Trap,1998,2236329.0
Two Years at Sea,2011,
The Cell,2000,666948.0
Golden Eighties,1986,64325894.0
Rumble in the Bronx,1995,165990.0
Rush Hour,1998,489800.0
Punch-Drunk Love / Ali: Fear Eats the Soul,1974,
Hear Her With Your Eyes,2023,
This Woman,2023,
RPM Fest Presents Mountains Meet the Sea: Kathy Rugh,2007,
Sister Act,1992,920468.0
Hatari!,1962,1955767.0
X-Men: First Class,2011,28648635.0
Collective Monologue,2024,
"It Is Not the Homosexual Who Is Perverse, But the Society in Which He Lives",1971,25326806.0
Notorious,1946,255198.0
Porcelain War,2024,75931881.0
Eastern Condors,1987,12085775.0
One Flew Over the Cuckoo's Nest,1975,21913863.0
It Happened One Night,1934,44696.0
The Funhouse,1981,4343543.0
Alligator,1980,4946798.0
Shock Waves,1977,3084973.0
Titicut Follies,1967,1195757.0
Aloïse,1975,22586634.0
Dorian Gray in the Mirror of the Yellow Press,1984,
Essene,1972,
Hospital,1970,74376.0
The Bitter Tears of Petra von Kant,1972,844325.0
The Girl with the Needle,2024,76585133.0
The Death of Louis XIV,2016,51708937.0
Liberté,2019,60531704.0
Beau travail / Brief Encounter,1945,
Bogancloch,2024,77506270.0
Spirited Away,2001,70091.0
Edvard Munch,1974,828348.0
"Now, at Last!",2018,
Kubo and the Two Strings,2016,45062970.0
National Gallery,2014,77252576.0
Dead Ringers,1988,826482.0
Aimée & Jaguar,1999,451791.0
Divine Madness,1980,5028682.0
Taxi Driver,1976,30000.0
Suspiria,1977,347000.0
Amazing Grace,2018,60361320.0
Dead Men Don't Wear Plaid,1982,103088.0
GoodFellas,1990,64394.0
The Annihilation of Fish,1999,54459135.0
Pacifiction,2022,72236843.0
Female Perversions,1997,30306989.0
Heat,1995,43566.0
Outbreak,1995,733927.0
Story of My Death,2013,41706742.0
Planet of the Apes,2001,20181491.0
The Verdict,1982,106359.0
The Town,2010,24228929.0
Joy of Sex,1984,24668194.0
Stand by Me,1986,87983.0
Address Unknown,1944,20760084.0
The Friends of Eddie Coyle,1973,3213322.0
Spotlight,2015,43842546.0
Valley Girl,1983,2406870.0
Afternoons of Solitude,2025,77946692.0
Model,1981,81559609.0
The French Connection,1971,99463.0
High School,1969,
The Store,1983,82587910.0
Youth (Spring),2023,73803574.0
Virtuosity,1995,234731.0
Princess Mononoke,1997,24653.0
American Gangster,2007,5017604.0
La Jetée / In the Mood for Love,1962,
Youth (Hard Times),2024,77326698.0
It's the Old Army Game,1926,33839298.0
"RPM Presents: Time, a Substance: Janie Geiser",2020,
Youth (Homecoming),2024,77424164.0
The Conversation,1974,66853.0
Harakiri,1962,3137571.0
Brief Encounter,1945,70508.0
Hoosiers,1986,74375.0
Racetrack,1985,
I'm Not There,2007,5388717.0
A Serious Man,2009,19226290.0
"Prewar and Wartime Animation, Part One",1931,
To the Japs: South Korean A-Bomb Survivors Speak Out,1971,
Fallen,1998,1151458.0
The Nice Guys,2016,43846431.0
Sea Palace / The Sea Demon on Land,1930,
Game Changers,2024,
Night Moves,1975,1665824.0
Underground and in the Air: Musical Experiments in Yugoslavia,1962,
Alpe-Adria Underground!,2024,
Subject to Review,2019,
Shakespeare in Love,1998,88075.0
Aspen,1991,
Mississippi Burning,1988,129410.0
Working Girls,1987,6163214.0
Love & Basketball,2000,2812023.0
The Ideal Cinematheque of the Outskirts of the World,1960,
Variety,1985,53641625.0
La Danse: The Paris Opera Ballet,2009,
Luminous Motion,2000,
Il Grido,1957,11783565.0
The Big City,1963,2509635.0
The Magnificent Seven,2016,43862265.0
I'm Still Here,2024,77039722.0
The Quick and the Dead,1995,740824.0
The Adversary,1970,3384689.0
Charulata,1964,1773524.0
The Lord of the Rings Trilogy,2001,
Company Limited,1971,3405788.0
Blade Runner 2049,2017,39830741.0
The Dark Crystal,1982,348292.0
Labyrinth,1986,177906.0
"Prewar and Wartime Animation, Part Two",1930,
Moulin Rouge!,2001,142481.0
Uferfrauen - Lesbian Life and Love in the GDR,2020,
Star Trek,2009,3071743.0
Central Park,1990,
Hamlet,1964,4000800.0
Paddington 2,2017,52019421.0
Spring Breakers,2013,34004505.0
Recovery City,2024,
Gladiator,2000,3616797.0
Gladiator II,2024,72682130.0
Zoo,1993,
The Birdcage,1996,239589.0
Devi,1960,2679288.0
Asia is One,1973,
Scarface,1983,267848.0
The Royal Tenenbaums,2001,223268.0
Tenebre,1982,4011202.0
Absolute Power,1997,3123893.0
Scarecrow,1973,2232039.0
Phenomena,1985,3999301.0
Nine to Five,1980,582398.0
Pineapple Express,2008,9264341.0
Chungking Express,1994,213471.0
Midsommar,2019,58032225.0
The Wicker Man,1973,42313.0
Kamikaze 1989,1982,23095277.0
Top Secret!,1984,983849.0
Real Genius,1985,483745.0
Summertime,1955,190393.0
Boxing Gym,2010,56456888.0
Millennium Actress,2002,829780.0
Raiders of the Lost Ark,1981,54166.0
Buena Vista Social Club,1999,267633.0
Document of Collision: The Whiplashed Ones (Dokyumento Rinka: Muchiutareru Mono),1969,
A Woman Is a Woman,1961,1644858.0
Risky Business,1983,561226.0
The Namesake,2006,2973132.0
Mother,2009,22833707.0
Alice Doesn't Live Here Anymore,1974,225481.0
News from Home,1977,29932707.0
Mildred Pierce,1945,4995581.0
The Secret of NIMH,1982,558970.0
Everything Everywhere All at Once,2022,58342225.0
The Tale of The Princess Kaguya,2013,37471874.0
2 or 3 Things I Know About Her,1967,1608743.0
Mamma Roma,1962,3653844.0
Indiana Jones and the Last Crusade,1989,51888.0
MacGruber,2010,25542269.0
The Guys Next Door,2016,
Shadow of the House,2007,
The Big Chill,1983,545795.0
Vampire Hunter D,1985,5162931.0
Killer of Sheep,1978,74848.0
Miracle Mile,1988,936429.0
Days and Nights in the Forest,1970,2679338.0
Compensation,1999,29890953.0
The Music Room,1958,2508699.0
Peggy Sue Got Married,1986,246559.0
Willow,1988,198313.0
Near Dark,1987,1637470.0
Bedknobs and Broomsticks,1971,357525.0
Weathering with You,2019,59385239.0
The Glory of Life,2024,77072322.0
RPM Fest Presents: Behind the Scenes,2020,
Picnic at Hanging Rock,1975,5878044.0
Batman Forever,1995,4730.0
Public Housing,1997,54570979.0
Kiss Kiss Bang Bang,2005,1889426.0
Happy Together,1997,184987.0
American Psycho,2000,4846576.0
Belladonna of Sadness,1973,9974948.0
Sunset Boulevard,1950,76368.0
10 Things I Hate About You,1999,398934.0
The Social Network,2010,24319139.0
Downfall,2004,993791.0
Thief,1981,1330774.0
"Salò, or the 120 Days of Sodom",1976,28623.0
The Keep,1983,1401046.0
Ran,1985,75984.0
Cooley High,1975,1692374.0
The Great Escape,1963,181229.0
Born Yesterday,1950,2066293.0
Ghost in the Shell Double Feature,1995,
"O Brother, Where Art Thou?",2000,22216.0
The Heartbreak Kid,1972,857298.0
Gun Crazy,1950,73937.0
Winchester '73,1950,1024760.0
Almost Famous,2000,431562.0
Orpheus,1950,215738.0
Black Moon,1975,7335449.0
Inu-Oh,2022,68616843.0
The Mortal Storm,1940,1533733.0
The Gleaners and I,2000,3571442.0
Grey Gardens,1976,1440137.0
Performance,1970,1428952.0
Vision Quest,1985,678599.0
Firestarter,1984,16182808.0
Before Midnight,2013,36929245.0
The Watermelon Woman,1997,7513196.0
The Apartment,1960,43849.0
Phantom Lady,1944,1757150.0
The Times of Harvey Milk,1984,5766332.0
Don Q Son of Zorro,1925,7768616.0
Good Burger,1997,230536.0
Daughters of the Dust,1991,2014023.0
The Miseducation of Cameron Post,2018,52316133.0
The Long Goodbye,1973,3624815.0
The Company of Strangers,1990,2436322.0
Rabid,1977,451003.0
The Brood,1979,451023.0
28 Weeks Later,2007,5971538.0
Day of the Dead,1985,63310.0
Alien,1979,23487440.0
Nightbreed,1990,1126777.0
The World Before Your Feet,2018,61858819.0
Videodrome,1983,456587.0
Two to One,2024,
Naked Lunch,1991,307690.0
The Fly,1986,456601.0
Funeral Parade of Roses,1969,6620825.0
eXistenZ,1999,296252.0
Crimes of the Future,2022,66580777.0
Beyond the Valley of the Dolls,1970,921865.0
National Treasure,2004,699208.0
Killer's Kiss,1955,1102966.0
Battalion to My Beat,2016,
The Celluloid Closet,1996,2069950.0
The Sword of Doom,1966,1358704.0
Bride of Re-Animator,1990,1336108.0
House,1977,20286230.0
The Living End,1992,6074576.0
Return of the Living Dead III,1993,30854893.0
The Hunt for Red October,1990,3557540.0
The Little Girl Who Conquered Time,1983,21079738.0
School in the Crosshairs,1981,
Always,1989,848218.0
The Island Closest to Heaven,1984,72385465.0
"His Motorbike, Her Island",1986,26778372.0
Far and Away,1992,705925.0
How to Survive a Plague,2012,37922084.0
Querelle,1982,183575.0
Ugetsu,1953,1975933.0
Scott Pilgrim vs. the World,2010,17574075.0
Mommie Dearest,1981,2079686.0
Drop Dead Gorgeous,1999,871658.0
Jackass: The Movie,2002,1161730.0
Green Room,2016,44256011.0
Sudden Rain,1956,21167644.0
Floating Clouds,1955,15242021.0
Yearning,1964,31740169.0
Sound of the Mountain,1954,16341960.0
Kuroneko,1968,6289269.0
Sabrina,1954,1356971.0
Ash Wednesday,1973,24689511.0
The Outsiders,1983,3186725.0
A Wife's Heart,1956,16342092.0
Kill Bill: Vol. 1,2003,301314.0
Untamed Woman,1957,18066013.0
Kill Bill: Vol. 2,2004,525270.0
Life of a Shock Force Worker,2023,
"The Ecstatic Square: Karpo Godina’s Experimental Shorts, 1965-1972",1965,
Sabbath Queen,2024,
"Frame for a Few Poses, Episodes 1 - 3",1976,
Demon Pond,1979,78156753.0
Shin Godzilla,2016,44649915.0
The Blob,1988,2521806.0
Johnny Guitar,1954,1352995.0
The Exterminating Angel,1962,2642594.0
He Got Game,1998,1644364.0
Weekend,1967,2117053.0
High and Low,1963,867935.0
Freddy Got Fingered,2001,518018.0
Days of Being Wild,1990,430419.0
Sweet Sweetback's Baadasssss Song,1971,1237909.0
Something Different,1963,61231426.0
Bloody Birthday,1981,4343515.0
Bullitt,1968,433285.0
Breathless,1983,5989305.0
Yourself and Yours,2016,52132625.0
In Another Country,2012,35562670.0
A New Leaf,1971,4932099.0
Wallace & Gromit: The Curse of the Were-Rabbit,2005,1784731.0
Modern Times,1936,74962.0
The Devil and Daniel Johnston,2006,8291607.0
Swimming to Cambodia,1987,1624783.0
Mixed Blood,1984,26085256.0
Like You Know It All,2009,20442820.0
The Thin Line,1966,52317782.0
Other Side,2025,
When a Woman Ascends the Stairs,1960,9344111.0
Videoheaven,2025,80283064.0
Ashes of Time,1994,221858.0
Walk Up,2022,71880486.0
Cat People,1942,1056686.0
Travelling Actors,1940,67635297.0
Cat People,1982,1056696.0
Kansas City,1996,1693894.0
Short Cuts,1993,676038.0
Fallen Angels,1995,624433.0
Dr. Strangelove or: How I Learned to Stop Worrying and Love the Bomb,1964,8695.0
"One, Two, Three",1961,660343.0
All About Eve,1950,41881.0
Franky Five Star,2023,
Loving Couples,1964,21759848.0
The Girls,1968,32684003.0
Death & Taxes,2024,
The Fast and the Furious: Tokyo Drift,2006,2913859.0
Two in the Shadow,1967,
Fever Pitch,2005,1448684.0
In Our Day,2023,75600131.0
Dogtooth,2009,22832896.0
Ghost Ship,2002,1354688.0
"Alice, Sweet Alice",1976,2009947.0
Goodnight Mommy,2015,47543704.0
Flowing,1956,17723727.0
Wife! Be Like a Rose!,1935,66287998.0
In the Mood for Love,2000,213413.0
Splitsville,2025,78277967.0
2046,2004,213462.0
Night and Day,2008,20425100.0
Cape Fear,1991,171026.0
Hero,2002,318542.0
McCabe & Mrs. Miller,1971,68501.0
The Player,1992,358263.0
Cape Fear,1962,171029.0
Gosford Park,2001,142476.0
Road House,1989,901489.0
Double Feature: The Sweet Hereafter and Gates of Heaven,1980,
Watermelon Man,1970,2735755.0
Putney Swope,1969,3692025.0
The Big Cube,1969,18802880.0
Chicago,2002,201534.0
The Women,1939,19978736.0
The Brady Bunch Movie,1995,2158983.0
American Movie,1999,163388.0
Best in Show,2000,587507.0
An American Tail: Fievel Goes West,1991,1456329.0
Grass,2018,56764960.0
The Power of Kangwon Province,1998,7362462.0
Them,2006,9249020.0
The Night of a Thousand Cats,1972,32549192.0
Kedi,2017,53309409.0
Village of the Damned,1995,1721255.0
Ha Ha Ha,2010,
Tamala 2010: A Punk Cat in Space,2002,5103474.0
"Bell, Book and Candle",1958,2243626.0
Kiki's Delivery Service,1989,490623.0
Amélie,2001,44302.0
Hill of Freedom,2014,44253359.0
Eye of the Cat,1969,29894297.0
The Shadow of the Cat,1961,5533869.0
Mangrove,2020,64179488.0
A Star Is Born,1954,3450570.0
A Star Is Born,2018,46321167.0
The Black Cat,1966,
The Third Man,1949,71473.0
Cat City,1986,1094787.0
Felidae,1994,9210380.0
Inside Llewyn Davis,2013,34604057.0
The Last Class,2025,
When the Cat Comes,1963,13135357.0
The Sting,1973,62440.0
On the Occasion of Remembering the Turning Gate,2002,7362626.0
The Lovers on the Bridge,1991,3329045.0
A Better Tomorrow,1986,89541.0
The Gold Rush,1925,73882.0
Lovers Rock,2020,64179486.0
"Red, White and Blue",2020,65968147.0
City on Fire,1987,1640215.0
Caught by the Tides,2024,76585127.0
A Traveler's Needs,2024,75929437.0
Shanghai Blues,1984,31176526.0
Beauty and the Beast,1946,1226363.0
Twin Peaks: The Return (Part 1 & 2),2017,
Clueless,1995,105872.0
The Palm Beach Story,1942,2254144.0
The Darjeeling Limited,2007,6238106.0
Michael Clayton,2007,5968326.0
Twin Peaks: The Return (Part 3 & 4),2017,
The General,1926,68388.0
Roma,1972,1721399.0
The Left Handed Gun,1958,10990102.0
Beuys,2017,52994727.0
I like America and America likes Me,1974,
A Better Tomorrow II,1987,3365741.0
Night of the Juggler,1980,28370824.0
Twin Peaks: The Return (Part 9 & 10),2017,
Twin Peaks: The Return (Part 7 & 8),2017,
The Killer,1989,451877.0
Twin Peaks: The Return (Part 5 & 6),2017,
Alex Wheatle/Education,2020,
Art War,2014,
Harald Naegeli - Der Sprayer von Zürich,2021,
Sticker Movie,2023,
"I Was Born, But… / Pixote",1932,
Twin Peaks: The Return (Part 11 & 12),2017,
FOUND FOOTAGE FEST: Porcelain VHS Treasures,2025,
The Catered Affair,1956,7885996.0
Castle in the Sky,1986,147697.0
Postcards from the Edge,1990,21675573.0
The Rocketeer,1991,5807082.0
Twin Peaks: The Return (Part 13 & 14),2017,
Twin Peaks: The Return (Part 15 & 16),2017,
Eno,2024,75853418.0
Twin Peaks: The Return (Part 17 & 18),2017,
Hello Beautiful,2025,80112149.0
Ray,2004,993226.0
Dude Bro Party Massacre III,2015,53255086.0
Captains Courageous,1937,4015188.0
Willy Wonka & the Chocolate Factory,1971,174560.0
Yojimbo,1961,312498.0
Rashomon,1950,187603.0
One Cut of the Dead,2017,58845544.0
A Chinese Ghost Story,1987,204809.0
Lightning,1952,23208313.0
Hell House LLC,2015,52965398.0
The Maltese Falcon,1941,4593958.0
Noroi: The Curse,2005,14449597.0
Willow Creek,2013,39530705.0
Peking Opera Blues,1986,1602624.0
Troll Hunter,2010,29345692.0
Eat Drink Man Woman,1994,881249.0
The Sacrament,2013,41438706.0
The Midnight Swim,2015,43519862.0
Lake Mungo,2009,21652388.0
Crumb,1994,863087.0
Ghostwatch,1992,931331.0
"RPM Fest Presents Crossing Lines, Films by Raymond Rea",1982,
Impatience of the Heart,2025,
Europa Report,2013,34707165.0
A Wanderer's Notebook,1962,31750495.0
M*A*S*H,1970,23784006.0
The McPherson Tape,1989,15686529.0
Ghost World,2001,20179720.0
The Devil's Doorway,2018,63406600.0
Salli,2024,
WALL·E,2008,8980330.0
The Last Exorcism,2010,26588977.0
V/H/S/2,2013,38357481.0
Yen and Ai-Lee,2024,78117987.0
Midnight Run,1988,1122030.0
The Trouble with Harry,1955,579127.0
Cloverfield,2008,12064359.0
Magic Mike XXL,2015,43719778.0
Opening Night,1977,2581818.0
Don't Torture a Duckling,1972,11510742.0
Hard Boiled,1992,577618.0
Wife,1953,43865754.0
The Muppets Take Manhattan,1984,1099178.0
Late Chrysanthemums,1954,18587615.0
Fleischer Fairy Tales,1931,
Shane,1953,76351.0
Bullet in the Head,1990,1862671.0
Pink Narcissus,1971,183550.0
Repast,1951,6584492.0
The Sealed Soil,1977,
Shanghai Express,1932,61061.0
Four Nights of a Dreamer,1972,18555807.0
Christopher Strong,1933,1958815.0
M,1931,66322.0
Snow White,1916,2826225.0
Pat Garrett & Billy the Kid,1973,2143256.0
7th Heaven,1927,61049.0
Lifeboat,1944,264869.0
Hour of the Wolf,1968,1724742.0
Heightened Scrutiny,2025,83347199.0
Amores Perros,2000,729979.0
Rope,1948,23477436.0
Carrie,1976,4899791.0
A Terra! The Cinema of Marta Mateus Program I,1974,
Greed,1924,73930.0
Linda Linda Linda,2005,7587190.0
Street Without End,1934,66481766.0
Dilwale Dulhania Le Jayenge,1995,274258.0
Every-Night Dreams,1933,37554282.0
Jane Austen Wrecked My Life,2025,77791089.0
The Spirit of the Beehive,1973,1583660.0
The Day a Pig Fell Into the Well,1996,3603641.0
Carnival of Souls,1962,1100688.0
Madonna: Truth or Dare,1991,5461236.0
The Shadow,1994,5991505.0
By the Stream,2024,77327003.0
Prom Night,1980,2497347.0
Our Sunhi,2013,40284801.0
"Suddenly, Last Summer",1959,7771844.0
I Accuse!,1958,22811714.0
The Prowler,1981,9489391.0
Diabolique,1955,152749.0
The Lost Boys,1987,673472.0
The Phantom of the Opera,1925,308930.0
A Terra! The Cinema of Marta Mateus Program III,1962,
Dance Freak,2025,
Possession,1981,5542682.0
Trust,1990,4056928.0
I Know What You Did Last Summer,1997,255049.0
The Unbelievable Truth,1990,7760868.0
Simple Men,1992,6394318.0
The Bostonians,1984,5986077.0
Peeping Tom,1960,413949.0
Ernest Scared Stupid,1991,4012556.0
Sinners,2025,75895455.0
Apart from You,1933,37563310.0
From Russia with Love,1963,6446071.0
Over the Garden Wall,2014,
Cosmos,2015,46355414.0
A Terra! The Cinema of Marta Mateus Program IV,1909,
Where is the Friend’s House? / The 400 Blows,1959,
West Side Story,1961,4608223.0
Massachusetts Avenue: Life Along Cambridge’s Main Artery,2010,
RPM Fest Presents Jean Sousa: Today is Sunday,1977,
Köln 75,2025,79043252.0
Revolução / A Lei da Terra,1975,
Nosferatu the Vampyre,1979,2199162.0
There There,2022,80159707.0
No Blood Relation,1932,66824155.0
The Fog,1980,1443093.0
Mad Monster Party?,1967,7392111.0
The Devil's Backbone,2001,5523710.0
The Crowd,1928,928593.0
Child's Play 2,1990,534812.0
Gods and Monsters,1998,171555.0
Days of Wine and Roses,1963,161866.0
Moment of Terror,1966,
Brother and Sister,1953,
Fire of Wind,2024,
The Tender Bar,2021,66061508.0
24th Halloween Horror Marathon,2025,
Hotel Transylvania,2012,31327794.0
A Girl Walks Home Alone at Night,2014,41301968.0
The Odd Couple,1968,6492614.0
The Woman Who Ran,2020,63110771.0
"Farpões, baldios / O Pão",1963,
Lady Dracula,1977,62067684.0
Jonathan,1970,38024097.0
Ghostbusters,1984,205013.0
A Nightmare on Elm Street 3: Dream Warriors,1987,3037946.0
Tenderness of the Wolves,1973,
Mandy,2018,56359151.0
The Witches of Eastwick,1987,5526366.0
Oddity,2024,76591225.0
Candyman,2021,62150510.0
Wolf,1994,686022.0
Tigers Are Not Afraid,2017,61595904.0
Elvira: Mistress of the Dark,1988,4227273.0
Copycat,1995,3154773.0
Scary Movie,2000,277667.0
Arsenic and Old Lace,1944,787704.0
The Song Lantern,1943,72076809.0
Ginza Cosmetics,1951,31731713.0
Fairyland,2023,71693627.0
A Hard Day's Night,1964,248601.0
"Learn from Experience, Part Two",1937,
Halloween II,2009,20736730.0
"Learn from Experience, Part One",1937,
6-A Akash Ganga,2023,
The Thomas Crown Affair,1968,2367145.0
The Road I Travel With You / Avalanche,1936,
The Girl in the Rumor,1935,66400499.0
No! YOU'RE WRONG. or: Spooky Action at a Distance,2025,81135282.0
The Wiser Age,1962,
Au Hasard Balthazar,1966,1885499.0
Love Story,1970,99461.0
Let Us Live,1939,33000092.0
Washington Merry-Go-Round,1932,39674347.0
"There Was, There Was Not",2025,
GODZILLATHON,1954,
The Brave Bulls,1951,48139564.0
Miracle in Milan / Killer of Sheep,1951,
Saturday Night Fever,1977,54175.0
Amar Akbar Anthony,1977,1205729.0
Under Age / Girls Under 21,1940,
The Grapes of Wrath,1940,4350811.0
Jordan Belson by Raymond Foye - Program i,1951,
You've Got Mail,1998,158982.0
Network,1976,101935.0
Mysterious Intruder,1946,39976667.0
Jordan Belson by Raymond Foye,1964,
Ladies in Retirement,1941,10872789.0
Gunman's Walk,1958,32812378.0
Thunderhoof,1948,63526212.0
Sweet Smell of Success,1957,76371.0
The Donn of Tiki,2024,
Magnificent Obsession,1954,4717779.0
Touch of Evil,1958,63504.0
"Planes, Trains and Automobiles",1987,1397377.0
Harold and Maude,1971,13290.0
Bitter Victory,1957,24464033.0
The Walking Hills,1949,23736716.0
Old,2021,64352288.0
The Glass Wall,1953,2782741.0
The Killer That Stalked New York,1950,2300433.0
Titanic,1997,52371.0
Explanation for Everything,2023,74787684.0
Before Sunrise,1995,805053.0
Moneyball,2011,27891311.0
The Blues Brothers,1980,4558294.0
Ferris Bueller's Day Off,1986,88326.0
Home Alone,1990,216072.0
Smoke Signals,1998,1469880.0
The Visit,2015,43633622.0
Child's Play,1988,534792.0
Poltergeist III,1988,3316533.0
Josie and the Pussycats,2001,754323.0
Where the Wild Things Are,2009,3677015.0
The Untouchables,1987,3842730.0
The Fugitive,1993,1822067.0
Trap,2024,71946032.0
Love Jones,1997,2812852.0
Call Northside 777,1948,1611590.0
About Last Night...,1986,936787.0
Boyhood,2014,11055577.0
Myra Breckinridge,1970,6782517.0
Master and Commander: The Far Side of the World,2003,370858.0
Nirvanna the Band the Show the Movie,2026,75165538.0
Jupiter Ascending,2015,37599043.0
Blue Moon,2025,77178873.0
High Fidelity,2000,160047.0
Carol,2015,39562051.0
Nimona,2023,70090285.0
8 Women,2002,2594435.0
Don Hertzfeldt’s Animation Mixtape,2025,
Yi Yi,2000,3710372.0
Commando,1985,230483.0
Demolition Man,1993,548669.0
Devdas,2002,6468431.0
Best of RPM 2025,2025,
Resurrection,2025,79910828.0
None Shall Escape,1944,9742232.0
First Reformed,2018,54729955.0
Eternal Sunshine of the Spotless Mind,2004,537024.0
Kill Bill: The Whole Bloody Affair,2011,
We're No Angels,1955,3585054.0
Tokyo Godfathers,2003,981874.0
We're No Angels,1989,10587298.0
Striptease,1996,18943833.0
Together Again,1944,27533931.0
My Sister Eileen,1942,24067673.0
Don't Open Till Christmas,1984,25502856.0
The Librarians,2025,79003235.0
Rebel Without a Cause / High School,1953,
Pickup,1951,37126793.0
Women's Prison,1955,33055398.0
Pumping Iron,1977,83448.0
The Secret Agent,2025,79261095.0
Hysteria,2025,78930639.0
Vanity Street / Three Wise Girls,1932,
The City of Lost Children,1995,472652.0
Emma.,2020,58910666.0
Pride & Prejudice,2005,2312056.0
Metropolitan,1990,3493786.0
Three Days of the Condor,1975,470185.0
The Santa Clause,1994,144415.0
All the President's Men,1976,3876620.0
A Face in the Crowd,1957,2019404.0
The Natural,1984,11213660.0
Charlie's Angels: Full Throttle,2003,256337.0
Butch Cassidy and the Sundance Kid,1969,99031.0
The Candidate,1972,3232438.0
The Hot Rock,1972,5080099.0
Elie Wiesel: Soul on Fire,2024,
Jeremiah Johnson,1972,649482.0
The Electric Horseman,1979,2022395.0
White Christmas,1954,2817162.0
Ordinary People,1980,106335.0
Downhill Racer,1969,6168251.0
Charade,1963,899442.0
Brazil,1985,74537.0
Rocky IV,1985,104984.0
Die Hard: With a Vengeance,1995,357473.0
After the Thin Man,1936,144637.0
Henry: Portrait of a Serial Killer,1986,1141596.0
The Mastermind,2025,78207619.0
The Monkey,2025,73762796.0
Final Destination Bloodlines,2025,68017316.0
Batman,1989,4726.0
How to Train Your Dragon,2010,18394730.0
Bugonia,2025,76136533.0
The Painter and the Thief,2020,64103121.0
Eddington,2025,75843768.0
Occupied City,2023,69701238.0
Sisters,1973,1519886.0
Weapons,2025,73248680.0
Fréwaka,2025,81078400.0
Keaton & Chaplin Double Feature: THE GENERAL / THE IMMIGRANT,1917,
Familiar Touch,2025,77753484.0
Amrum,2025,79548502.0
RPM Fest Presents Crossing Lines: Films by Raymond Rea,1985,
"Sorry, Baby",2025,78578409.0
The Conformist,1971,10457303.0
Stalker,1979,286266.0
Among Neighbors,2024,83535228.0
Misericordia,2024,76603314.0
Prickly Mountain and My Design/ Build Life,2025,
Die My Love,2025,77177879.0
Teenage Wasteland,2025,
If I Had Legs I'd Kick You,2025,76020898.0
Nouvelle Vague,2025,76269453.0
Vulcanizadora,2025,77247074.0
Who Framed Roger Rabbit,1988,76018.0
Crossing Delancey,1988,954902.0
Frankenstein,2025,73297429.0
Blow-Up,1966,448385.0
One of Them Days,2025,77358498.0
Happyend,2025,77550744.0
Certified Copy,2010,26968376.0
Cloud,2024,77246399.0
L'Avventura,1960,330874.0
A Bay of Blood,1971,4136530.0
Friendship,2025,77429973.0
Put Your Soul on Your Hand and Walk,2025,79735756.0
Slap Shot,1977,1412408.0
Train Dreams,2025,76032207.0
Fear and Desire,1953,543517.0
Star Wars: Episode III - Revenge of the Sith,2005,55447.0
The History of Sound,2025,69227350.0
Peter Hujar's Day,2025,78577080.0
My Man Godfrey,1936,74979.0
An Unfinished Film,2024,76826415.0
Wake Up Dead Man: A Knives Out Mystery,2025,67267207.0
The Defiant Ones,1958,92642.0
Safe,1995,2021218.0
Red Desert,1964,1833819.0
Gothic,1987,992455.0
The Hunger,1983,1139763.0
City of Hope,1991,10479762.0
Partner,1968,39145444.0
The Spider's Stratagem,1970,14969710.0
Sholay,1975,648216.0
The Great Yawn of History,2024,
Taste of Cherry,1997,1873693.0
Woman of the Year,1942,76641.0
"Now, Voyager",1942,180993.0
Dangerous Liaisons,1988,75933.0
Trouble Sleep,2020,
Eve's Bayou,1997,2159438.0
The Umbrellas of Cherbourg / Hyena,1964,
The Umbrellas of Cherbourg / Hyenas,1964,
Crimson Peak,2015,39031627.0
Trolls,2016,37935799.0
Le Amiche,1955,12710627.0
A Man Named John,1965,19064014.0
51st Annual Boston Science Fiction Film Marathon,2026,
Barb Wire,1996,4506211.0
Sparrows,1926,13613782.0
Mary Poppins,1964,77856.0
Paths of Glory,1957,23255.0
Lilies of the Field,1963,97734.0
Lilies of the Field,1930,35843377.0
Beauty and the Beast,1991,133462.0
"What's Up, Doc?",1972,1159860.0
The Lion King,1994,88678.0
What's Up Doc?,1985,
Encanto,2021,62975109.0
Night Fight,2025,
Holding Liat,2025,79301703.0
The Others,2001,1267713.0
The Bad Seed,1956,7657211.0
"Growing Up Female, Second-Wave",1971,
Lolita,1962,1488066.0
The Dead Thing,2025,78177067.0
Colette and Justin,2022,
From Beyond,1986,5283093.0
Sleepy Hollow,1999,55601.0
Pressure Point,1962,23624370.0
RPM Presents “Between Breaths”: Films by Kalpana Subramanian,2026,
A Raisin in the Sun,1961,1676837.0
All God's Children,2024,
Punching the World,2025,79121904.0
Waiting for Guffman,1996,706860.0
Coconut Head Generation,2023,
Twin Peaks,1989,
Little Miss Sunshine,2006,7047921.0
Surviving the Game,1994,3417075.0
A Woman of the World,1925,25616609.0
Annie Hall,1977,66870.0
Il Posto,1961,3645663.0
Modern Romance,1981,3161156.0
The Fiancés,1963,
The Sheltering Sky,1990,19775805.0
Mary Shelley's Frankenstein,1994,1246394.0
The Holdovers,2023,70173604.0
Can She Bake a Cherry Pie?,1983,23289657.0
The Philadelphia Story,1940,62592.0
Meet John Doe,1941,2462689.0
Smokey and the Bandit,1977,844078.0
Night of the Living Dead,1968,30275.0
The Car,1977,2938431.0
Friday the 13th Double Feature,1993,
Saturday the 14th,1981,9693961.0
Desk Set,1957,165106.0
The Peanuts Movie,2015,39367067.0
Pat and Mike,1952,2731103.0
The Hudsucker Proxy,1994,170858.0
On Golden Pond,1981,15119799.0
Blackmail,1929,1237381.0
The Lion in Winter,1968,7870124.0
Footloose,1984,877743.0
The Thin Blue Line,1988,597576.0
Bringing Up Baby,1938,73376.0
Monsoon Wedding,2001,940565.0
Exorcist II: The Heretic,1977,571383.0
Double Indemnity,1944,73438.0
The Devil's Rejects,2005,2063141.0
Finding Nemo,2003,239587.0
Mirrors No. 3,2025,79836490.0
André Is an Idiot,2026,81977450.0
One-Eyed Jacks,1961,418252.0
Paddington,2014,40525118.0
Mudbound,2017,50355187.0
Tank Girl,1995,9415710.0
Pale Flower,1964,30871010.0
Nadja,1995,2812082.0
Ichi the Killer,2001,311179.0
Youth in Fury,1960,
Bud Abbott and Lou Costello Meet Frankenstein,1948,68082.0
The Boy with Green Hair,1948,7595972.0
Cronos,1993,3080704.0
Double Suicide,1969,3644578.0
Captive's Island,1966,51934666.0
RPM Presents “The Blue Rose of Forgetfulness”: Films by Lewis Klahr,2019,
I Have Sinned,1936,
Full Metal Jacket,1987,11701.0
History of the World: Part I,1981,442668.0
The Shawshank Redemption,1994,30625.0
The Thing from Another World,1951,76387.0
Born Innocent: The Redd Kross Story,2024,
White Material,2010,26825116.0
Bending the Arc,2017,53781076.0
The Turin Horse,2011,24143556.0
FernGully: The Last Rainforest,1992,2108776.0
Annihilation,2018,46654061.0
The Quiet Family,1998,3611352.0
A Hot Roof,1995,
Up,2009,11659396.0
Pavements,2025,72475347.0
Aladdin,1992,73170.0
RPM Presents “For All Audiences”: Films by Josh Weissbach,2014,
Werckmeister Harmonies,2001,3342195.0
Jackie Brown,1997,394792.0
Galaxy Quest,1999,13149.0
High Anxiety,1977,442675.0
The Right Stuff,1983,113442.0
Saving Face,2004,2812718.0
Double Feature: Island of Lost Souls / The Leopard Man,1932,
The Half of It,2020,60562903.0
Damnation,1988,6482317.0
Body Snatchers,1993,5735467.0
Assassination,1964,8088017.0
Everyone Is Lying to You for Money,2026,82972039.0
Satantango,1994,4340438.0
Local Spotlight: Viet Nam: The Aftermath,1982,
Aliens,1986,213472.0
The Day of the Triffids,1963,5832380.0
The Producers,1968,76030.0
A.I. Artificial Intelligence,2001,142224.0
Requiem for a Dream,2000,23830211.0
Spaceballs,1987,75222.0
The House with Laughing Windows,1976,7854762.0
A Lizard in a Woman's Skin,1971,8600276.0
The Wedding Singer,1998,454655.0
"Steal This Story, Please!",2026,81593884.0
Santa Sangre,1989,1064537.0
Hollywood Shuffle,1987,2973523.0
The Double Life of Véronique,1991,733176.0
The Passion of Joan of Arc,1928,457561.0
Barfly,1987,1722535.0
Double Feature: Chime / Serpent’s Path,1998,
Slowburn Shoot: An Indie Wrestling Story,2026,
A Simple Plan,1998,6233638.0
The Gift,2000,1312584.0
Santo vs. Doctor Death,1973,
The Taste of Tea,2004,9065304.0
Eyes of the Spider,1998,
Double Feature: Chime + Serpent’s Path,1998,
Double Feature: Ed Wood / Plan 9 from Outer Space,1957,
Freaky Friday,1976,7533357.0
The Computer Wore Tennis Shoes,1969,5453739.0
Persona,1966,667945.0
Solaris,1972,20181213.0
The Blair Witch Project,1999,18841979.0
Black Swan,2010,24480838.0
The Princess Diaries,2001,564986.0
Trees Lounge,1996,2547388.0
Angel's Egg,1985,1023955.0
Double Feature: Evil Dead (2013) / Evil Dead Rise,2013,
Ready to Rumble,2000,2216322.0
An American in Paris,1951,1587300.0
Massacre at Central High,1976,4220213.0
Doctor Strange in the Multiverse of Madness,2022,59353603.0
Body Slam,1986,24160921.0
Kings of the Road,1976,8862350.0
Zindagi Na Milegi Dobara,2011,29525315.0
The Fox and the Hound,1981,1371138.0
"Double Feature: Adaptation / Synecdoche, New York",2002,
Bugsy Malone,1976,307158.0
Miss Julie,1951,8744262.0
The Piano Teacher,2001,846828.0
Carny,1980,15452919.0
Jurassic Park,1993,68485.0
The Bad News Bears,1976,464128.0
Used Cars,1980,1640125.0
Baby Boy,2001,156558.0
Native Son,1951,9879767.0
Irma Vep,1996,326124.0
The Stunt Man,1980,164395.0
The Lavender Hill Mob,1951,156632.0
Move Ya Body: The Birth of House,2025,78877930.0
Drag Me to Hell,2009,20469278.0
Babystar,2026,
Double Feature: Nouvelle Vague / Contempt,1963,
Before Sunset,2004,805120.0
Space Jam,1996,265033.0
From Dusk Till Dawn,1996,447299.0
Bitter Rice,1949,2461103.0
Terrifier 2,2022,61809773.0
Malcolm X,1992,300972.0
Major League,1989,685987.0
Killer Klowns from Outer Space,1988,1249019.0
Mare’s Nest,2026,
"The Adventures of Priscilla, Queen of the Desert",1994,482882.0
Flightplan,2005,2008863.0
Breakdown,1997,1730420.0
Desert Hearts,1985,7313414.0
Rose of Nevada,2026,79157961.0
Macho Dancer,1989,6772810.0
Beautiful Thing,1996,34043061.0
The Prestige,2006,2809621.0
Hedwig and the Angry Inch,2001,15782460.0
Xanadu,1980,317873.0
Bull Durham,1988,670386.0
House of 1000 Corpses,2003,307789.0
Django,1966,3586028.0
It Chapter Two,2019,50733124.0
Red Stars Upon the Field,2025,
Contact,1997,422269.0
The Wiz,1978,8711666.0
Catch Me If You Can,2002,215873.0
Coming to America,1988,54540.0
Overboard,1987,2209172.0
Sommersby,1993,977671.0
Saving Private Ryan,1998,28269.0
Dunkirk,2017,48936686.0
Miss Congeniality,2000,19715.0
Superbad,2007,6254878.0
"Summer of Soul (...Or, When the Revolution Could Not Be Televised)",2021,66623644.0
Alien³,1992,213251.0
Alfie,1966,98503.0
Drunken Tai Chi,1984,11038654.0
John Wick: Chapter 4,2023,61747554.0
Take Me Out to the Ball Game,1949,17519548.0
Fire in the Sky,1993,722551.0
SPL: Kill Zone,2005,
The Hateful Eight,2015,43308964.0
Carnage,2011,30885871.0
Terminator 2: Judgment Day,1991,34344124.0
Invasion of the Saucer Men,1957,8731626.0
Cool Hand Luke,1967,161897.0
The Seven Year Itch,1955,763753.0
Fly Me to the Moon,2024,70438308.0
Repo Man,1984,26541.0
The Man Who Shot Liberty Valance,1962,434089.0
Ask E. Jean,2026,80914286.0
Minority Report,2002,142049.0
Cisco Pike,1972,15203301.0
Tenet,2020,59770239.0
UFOria,1984,2918501.0
Lucky,2017,51992470.0
Christine,1983,2071077.0
Fear Strikes Out,1957,6048532.0
Death Watch,1980,2414949.0
Mars Attacks!,1996,3565461.0
The Last Temptation of Christ,1988,7832768.0
Double Feature: Sleepaway Camp / Teenage Sex and Death at Camp Miasma,2026,
The Faculty,1998,308430.0
Pretty in Pink,1986,454223.0
State of Firsts,2026,80743768.0
The Asphalt Jungle,1950,894179.0
Communion,1989,9358857.0
Invasion of the Body Snatchers,1978,5735396.0
Howard the Duck,1986,6551171.0
Gentlemen Prefer Blondes,1953,418598.0
Chang: A Drama of the Wilderness,1927,42861.0
The Prince and the Showgirl,1957,1997332.0
The Misfits,1961,1134155.0
Sherman's March,1985,76348.0
The Mask,1994,1485962.0
Clash of the Titans,1981,948548.0
Mikey and Nicky,1976,3446656.0
Dark Angel,1990,9963622.0
Straight to Hell,1987,590598.0
In a Violent Nature,2024,75907604.0
The Doors,1991,604150.0
Fiddlehead presents Baby I’ll Change with Good Will Hunting,1997,
The Day the Earth Stood Still,1951,73422.0
A Streetcar Named Desire,1951,3367826.0
Anchorman: The Legend of Ron Burgundy,2004,709490.0
The Goldfish,2019,78097481.0
Double Feature: The Bakery Girl of Monceau / Suzanne’s Career,1963,
La Collectionneuse,1967,5216381.0
24 Hour Party People,2002,360138.0
First Blood,1982,872441.0
Chicken Run,2000,284525.0
I Shot Andy Warhol,1996,435566.0
The Final Girls,2015,42597746.0
Heavyweights,1995,1039561.0
"Tally Brown, New York",1979,35856672.0
The Great Muppet Caper,1981,1458713.0
The War of the Worlds,1953,25045707.0
Earth vs. the Flying Saucers,1956,2057905.0
Broadcast News,1987,129278.0
My Son,2021,65504024.0
Danger: Diabolik,1968,2952273.0
Dragon Inn,1967,2533663.0
Angel Heart,1987,673682.0
My Night at Maud's,1969,3342049.0
Citizen Kane,1941,5224.0
Family Plot,1976,1573600.0
Wicked VHS presents: A Secret Summer Camp Slasher,,
Midnight in the Garden of Good and Evil,1997,14307697.0
Zardoz,1974,149928.0
Love in the Afternoon,1972,5216578.0
Cabaret,1972,236691.0
The Piano,1993,133688.0
The Heart of the Matter,1953,7739227.0
Manhunter,1986,600235.0
Wicked VHS presents: A Secret Summer Camp Slasher Part 2,,
The Band Wagon,1953,73366.0
The Lord of the Rings: The Two Towers,2002,173944.0
Our Man in Havana,1960,11588549.0
The Stranger's Hand,1954,39545816.0
Sleepaway Camp II: Unhappy Campers,1988,4133151.0
Ministry of Fear,1944,2522946.0
"Triple Feature: Malkovich, Malkovich, Malkovich!",1988,
Invaders from Mars,1953,2393932.0
Went the Day Well?,1942,2044745.0
Tokyo Story,1953,846336.0
The Cycle of Love,2026,80921228.0
"Good Night, and Good Luck.",2005,2663129.0
Bicycle Thieves,1948,642744.0
Akira,1988,605939.0
Allegro non troppo,1976,4562372.0
The Fallen Idol,1948,2221107.0
Brighton Rock,1948,10972714.0
The Lord of the Rings: The Return of the King,2003,174251.0
Metropolis,2001,6198415.0
Persepolis,2007,11347793.0
The Fugitive,1947,2666581.0
Welcome to the Dollhouse,1996,2298338.0
True Stories,1986,1138831.0
Silvestre,1982,48435044.0
Ghost in the Shell,1995,3228403.0
Marathon '77,1977,
Mass Mini Con presents: A Mutant Mystery Movie 3,,
Berlin Hero,2025,
Snow White,2000,
Keaton and Pickford Double Feature: One Week / Stella Maris,1918,
Shrek,2001,18717177.0
The Lives of Others,2006,5454803.0
The Godfather,1972,2466773.0
The Jerk,1979,179044.0
Sleeping Dogs,1978,
The Goonies,1985,89631.0
Lenny,1974,64291.0
Travels with My Aunt,1972,20867795.0
Hunt for the Wilderpeople,2016,49200910.0
For Heaven's Sake,1926,5045155.0
East of Eden,1955,290970.0
Hovering Over the Water,2013,
Cemetery Cinema: The Straight Story & Wings of Desire,1987,
Dead Calm,1989,697868.0
Event Horizon,1997,29320113.0
CODA,2021,66255918.0
Romy and Michele's High School Reunion,1997,201553.0
The Graduate,1967,29942.0
In the Mouth of Madness,1995,343684.0
A Goofy Movie,1995,155785.0
Down by Law,1986,3375635.0
Vagabond,1985,897713.0
The Beyond,1981,1864142.0
Captain January,1924,8174574.0
Recollections of the Yellow House,1989,37809940.0
Hocus Pocus,1993,1962219.0
My Brother's Wedding,1985,30879026.0
God's Comedy,1996,18523660.0
High Society,1956,255194.0
Ten Dark Women,1961,34888791.0
Freaks,1932,73494.0
The Blade,1995,5697939.0
Cannibal Holocaust,1980,513149.0
Uncle Boonmee Who Can Recall His Past Lives,2010,26978753.0
Bellissima,1952,10748976.0
The Adventures of Prince Achmed,1926,4321732.0
He Ran All the Way,1951,3820793.0
Careful,1992,8136508.0
Lotte Reiniger Short Films,1926,
Strictly Ballroom,1992,542202.0
Häxan,1922,3644898.0
HÃ¤xan,1922,
Sunrise: A Song of Two Humans,1927,61904.0
Diva,1981,30874145.0
Witness,1985,84931.0
"New York, New York",1977,1230920.0
The Human Condition I: No Greater Love,1959,69840192.0
Parents,1989,5330839.0
The 'Burbs,1989,600216.0
The Human Condition III: A Soldier's Prayer,1961,30405035.0
The Human Condition II: Road to Eternity,1959,81194255.0
Back to the Future,1985,42993.0
A Few Good Men,1992,20691749.0
The Last Dive,1992,
Dead Snow,2009,20611596.0
Heaven Can Wait,1943,77653.0
Little Nicky,2000,1011854.0
Mystery Train,1989,3509663.0
Ghost Ship and The Fog Aboard the Sea Witch,1980,
The Spousals of God,1999,
Barbarian,2022,71399138.0
Kaagaz Ke Phool,1959,8448870.0
Leviathan and Deep Rising Aboard the Sea Witch,1989,
The Hips of J.W.,1997,
Jaws and Deep Blue Sea Aboard the Sea Witch,1975,
Dracula & Frankenstein Double Feature,1931,
Knives Out,2019,58400663.0
The Devil's Advocate,1997,673274.0
Final Destination 3,2006,1945359.0
The Adventures of Baron Munchausen,1988,164502.0
Au Revoir les Enfants,1987,1688060.0
Faust,1926,1343856.0
The Devils,1971,459586.0
